INSERT INTO kusumika.village (village_name, post_office, police_station, pin_code, district, creation_ts, last_updated_ts) VALUES('Sekendarpur', NULL, NULL, NULL, NULL, '2023-02-26 21:04:15.949', NULL);
INSERT INTO kusumika.village (village_name, post_office, police_station, pin_code, district, creation_ts, last_updated_ts) VALUES('Tekpanja', NULL, NULL, NULL, NULL, '2023-02-26 21:04:15.949', NULL);
INSERT INTO kusumika.village (village_name, post_office, police_station, pin_code, district, creation_ts, last_updated_ts) VALUES('Jhapberia', NULL, NULL, NULL, NULL, '2023-02-26 21:04:15.949', NULL);
INSERT INTO kusumika.village (village_name, post_office, police_station, pin_code, district, creation_ts, last_updated_ts) VALUES('Gorijala', NULL, NULL, NULL, NULL, '2023-02-26 21:04:15.949', NULL);
INSERT INTO kusumika.village (village_name, post_office, police_station, pin_code, district, creation_ts, last_updated_ts) VALUES('Nishapur', NULL, NULL, NULL, NULL, '2023-02-26 21:04:15.949', NULL);
INSERT INTO kusumika.village (village_name, post_office, police_station, pin_code, district, creation_ts, last_updated_ts) VALUES('U Jhapberia', NULL, NULL, NULL, NULL, '2023-02-26 21:04:15.949', NULL);
INSERT INTO kusumika.village (village_name, post_office, police_station, pin_code, district, creation_ts, last_updated_ts) VALUES('Dhanyaghata', NULL, NULL, NULL, NULL, '2023-02-26 21:04:15.949', NULL);
INSERT INTO kusumika.village (village_name, post_office, police_station, pin_code, district, creation_ts, last_updated_ts) VALUES('Bahrabad', NULL, NULL, NULL, NULL, '2023-02-26 21:04:15.949', NULL);
INSERT INTO kusumika.village (village_name, post_office, police_station, pin_code, district, creation_ts, last_updated_ts) VALUES('Ranganberia', NULL, NULL, NULL, NULL, '2023-02-26 21:04:15.949', NULL);
INSERT INTO kusumika.village (village_name, post_office, police_station, pin_code, district, creation_ts, last_updated_ts) VALUES('Jahangirgar', NULL, NULL, NULL, NULL, '2023-02-26 21:04:15.949', NULL);
INSERT INTO kusumika.village (village_name, post_office, police_station, pin_code, district, creation_ts, last_updated_ts) VALUES('D Gorijala', NULL, NULL, NULL, NULL, '2023-02-26 21:04:15.949', NULL);


-------------------------------


INSERT INTO kusumika.household (father_first_name, father_middle_name, father_last_name, village_name, mother_first_name, mother_middle_name, mother_last_name, phone_number_1, phone_number_2, creation_ts, last_updated_ts) VALUES('Md. Jahir', 'Hossain', 'Kazi', 'Sekendarpur', NULL, NULL, NULL, NULL, NULL, '2023-02-26 21:26:40.490', NULL);
INSERT INTO kusumika.household (father_first_name, father_middle_name, father_last_name, village_name, mother_first_name, mother_middle_name, mother_last_name, phone_number_1, phone_number_2, creation_ts, last_updated_ts) VALUES('Md. Mostafizur', 'Rahman', 'Dostogir', 'Jhapberia', NULL, NULL, NULL, '9734696723', NULL, '2023-02-26 21:26:40.490', NULL);
INSERT INTO kusumika.household (father_first_name, father_middle_name, father_last_name, village_name, mother_first_name, mother_middle_name, mother_last_name, phone_number_1, phone_number_2, creation_ts, last_updated_ts) VALUES('Sajahan', NULL, 'Sardar', 'Sekendarpur', 'Mahamuda', NULL, 'Bibi', '7047150920', NULL, '2023-02-26 21:26:40.490', NULL);
INSERT INTO kusumika.household (father_first_name, father_middle_name, father_last_name, village_name, mother_first_name, mother_middle_name, mother_last_name, phone_number_1, phone_number_2, creation_ts, last_updated_ts) VALUES('Abul', 'Rahim', 'Safui', 'Tekpanja', 'Nurakachana', 'Bibi', 'Safui', NULL, NULL, '2023-02-26 21:26:40.490', NULL);


-------------------------------


INSERT INTO kusumika.bank (bank_ifsc, bank_name, bank_branch, city, state, creation_ts, last_updated_ts) VALUES('CBIN0282007', NULL, NULL, NULL, NULL, '2023-02-26 21:29:51.382', NULL);
INSERT INTO kusumika.bank (bank_ifsc, bank_name, bank_branch, city, state, creation_ts, last_updated_ts) VALUES('SBIN0006666', NULL, NULL, NULL, NULL, '2023-02-26 21:29:51.382', NULL);


-------------------------------


INSERT INTO kusumika.student (first_name, middle_name, last_name, standard, class_roll, date_of_birth, aadhar, bank_ifsc, bank_account_number, bank_account_holder, household_id, creation_ts, last_updated_ts) VALUES('Jenifa', NULL, 'Asmin', 'I', 1, '2015-12-15', NULL, 'CBIN0282007', '3286015792', 'M', 1, '2023-02-26 21:45:40.301', NULL);
INSERT INTO kusumika.student (first_name, middle_name, last_name, standard, class_roll, date_of_birth, aadhar, bank_ifsc, bank_account_number, bank_account_holder, household_id, creation_ts, last_updated_ts) VALUES('Afeefur', 'Rahman', 'Dastgir', 'II', 1, '2014-05-11', '891086511814', 'SBIN0006666', '34807891395', 'F', 2, '2023-02-26 21:45:40.301', NULL);
INSERT INTO kusumika.student (first_name, middle_name, last_name, standard, class_roll, date_of_birth, aadhar, bank_ifsc, bank_account_number, bank_account_holder, household_id, creation_ts, last_updated_ts) VALUES('Sayem', 'Ahamed', 'Sarder', 'III', 2, '2012-08-30', '346179285615', 'SBIN0006666', '33349544009', 'F', 3, '2023-02-26 21:45:40.301', NULL);
INSERT INTO kusumika.student (first_name, middle_name, last_name, standard, class_roll, date_of_birth, aadhar, bank_ifsc, bank_account_number, bank_account_holder, household_id, creation_ts, last_updated_ts) VALUES('Sorifulla', NULL, 'Safui', 'IV', 5, '2012-06-01', '475481376705', 'SBIN0006666', '38262404833', 'M', 4, '2023-02-26 21:45:40.301', NULL);


--------------------------------


INSERT INTO kusumika.fees (standard, admission_fees, monthly_fees, creation_ts, last_updated_ts) VALUES('LW', 1844, 140, '2023-02-26 21:36:25.244', NULL);
INSERT INTO kusumika.fees (standard, admission_fees, monthly_fees, creation_ts, last_updated_ts) VALUES('UP', 2195, 150, '2023-02-26 21:36:25.244', NULL);
INSERT INTO kusumika.fees (standard, admission_fees, monthly_fees, creation_ts, last_updated_ts) VALUES('I', 2404, 160, '2023-02-26 21:36:25.244', NULL);
INSERT INTO kusumika.fees (standard, admission_fees, monthly_fees, creation_ts, last_updated_ts) VALUES('II', 2387, 170, '2023-02-26 21:36:25.244', NULL);
INSERT INTO kusumika.fees (standard, admission_fees, monthly_fees, creation_ts, last_updated_ts) VALUES('III', 2485, 180, '2023-02-26 21:36:25.244', NULL);
INSERT INTO kusumika.fees (standard, admission_fees, monthly_fees, creation_ts, last_updated_ts) VALUES('IV', 2605, 190, '2023-02-26 21:36:25.244', NULL);


---------------------------------


